Arenh_fwd1	TTTGCTTCATCTTGAAATGA
Arenh_fwd2	TTAAACAAGACAGAAAAAGA
Arenh_fwd3	AACAAGACAGAAAAAGAAGG
Arenh_fwd4	GGTGGCACGAGAGAGAAGAT
Arenh_fwd5	AAGAAAGCTAAGACTTTTAA
Arenh_fwd6	AGAAAGCTAAGACTTTTAAA
Arenh_fwd7	GAAAGCTAAGACTTTTAAAG
Arenh_fwd8	AAGGGGCCCTCTCCAGACAC
Arenh_fwd9	GGCCCTCTCCAGACACAGGA
Arenh_fwd10	GCCCTCTCCAGACACAGGAA
Arenh_fwd11	TCCAGACACAGGAAGGGTTT
Arenh_fwd12	ACACAGGAAGGGTTTAGGTG
Arenh_fwd13	GTGTGGAAGCATGTTGAAGA
Arenh_fwd14	GTTGAAGAAGGCCAGAATCC
Arenh_fwd15	TTGAAGAAGGCCAGAATCCA
Arenh_fwd16	TGAAGAAGGCCAGAATCCAG
Arenh_fwd17	AAAGTATCAGATAAGCATTC
Arenh_fwd18	GCATTCAGGTAGCTCCAGTG
Arenh_fwd19	CATTCAGGTAGCTCCAGTGA
Arenh_fwd20	GGCAGTTTGATCTGAAACTG
Arenh_fwd21	GCAGTTTGATCTGAAACTGA
Arenh_fwd22	GAAATAAAAGAGAGCTTGTC
Arenh_fwd23	AAATAAAAGAGAGCTTGTCT
Arenh_fwd24	AATAAAAGAGAGCTTGTCTG
Arenh_fwd25	ATAAAAGAGAGCTTGTCTGG
Arenh_fwd26	TAAAAGAGAGCTTGTCTGGG
Arenh_fwd27	AGAGCTTGTCTGGGGGGCAG
Arenh_fwd28	CATTGTTTAAATGAGAGTAA
Arenh_fwd29	ATTGTTTAAATGAGAGTAAA
Arenh_fwd30	TTGTTTAAATGAGAGTAAAG
Arenh_fwd31	GTCGACTGAAGCACTGACAG
Arenh_fwd32	GACTGAAGCACTGACAGTGG
Arenh_fwd33	ACTGAAGCACTGACAGTGGT
Arenh_fwd34	GCACTGACAGTGGTGGGAGA
Arenh_fwd35	CACTGACAGTGGTGGGAGAA
Arenh_fwd36	ACAGAATCCAGACAATCAGA
Arenh_fwd37	CAGACAATCAGATGGTCCCG
Arenh_fwd38	TGTCTAAAAAGATTGCATCT
Arenh_fwd39	GTCTAAAAAGATTGCATCTA
Arenh_fwd40	TAAAAAGATTGCATCTAGGG
Arenh_fwd41	AAAGATTGCATCTAGGGTGG
Arenh_fwd42	AAGATTGCATCTAGGGTGGA
Arenh_fwd43	TTACAACCCCAAGTGCTTTG
Arenh_fwd44	TCACCCTTCATCTCAAGTCT
Arenh_fwd45	TGGTCAGTTGCCCTCAATCC
Arenh_fwd46	GGTAATTTTTGTGATTATTT
Arenh_fwd47	TTTTGTGATTATTTTGGCAG
Arenh_fwd48	GTGGCATGAGCAGAAGCTTT
Arenh_fwd49	GAGATTGTGCAGTGAGTTCC
Arenh_fwd50	CTTGCTAGCTAAGTGACCTT
Arenh_fwd51	TTCCTTATTTGAAGAAAAAA
Arenh_fwd52	AAGGTTAATACTGACATCAA
Arenh_fwd53	AGGTTAATACTGACATCAAA
Arenh_fwd54	ACTGACATCAAAGGGTTTTC
Arenh_fwd55	GATAACAGATGCATATCAAA
Arenh_fwd56	GATGCATATCAAAAGGCTTC
Arenh_fwd57	ATGCATATCAAAAGGCTTCA
Arenh_fwd58	AAAAGGCTTCAGGGAATGTA
Arenh_fwd59	AAAGGCTTCAGGGAATGTAA
Arenh_fwd60	TCTTACTATGATGCCAGCTT
Arenh_fwd61	TAAATAACCTGAAGTAAGAC
Arenh_fwd62	GAGTAGCTTTCCCTTACTGT
Arenh_fwd63	TTGGCATCTGCAAAGCATTT
Arenh_fwd64	TGGCATCTGCAAAGCATTTT
Arenh_fwd65	TGCAAAGCATTTTGGGCAAG
Arenh_fwd66	GCAAAGCATTTTGGGCAAGA
Arenh_fwd67	CAAAGCATTTTGGGCAAGAG
Arenh_fwd68	ATTATGTGTATGTGACTAGA
Arenh_fwd69	TTATGTGTATGTGACTAGAT
Arenh_fwd70	CCCACCTGCTACTACAACTA
Arenh_fwd71	CCCTCCATTCATGCAACTCA
Arenh_fwd72	CATGCAACTCATGGAGTGAA
Arenh_fwd73	GAGTTTGATGAGACATAATG
Arenh_fwd74	TCTTATCATCACCAAAGCTG
Arenh_fwd75	CTGAGGAAGAGCCCAAACTC
Arenh_fwd76	AGCCCAAACTCTGGAATTCC
Arenh_fwd77	TTGAAAGAGTCTGAACTCTG
Arenh_fwd78	TGAAAGAGTCTGAACTCTGA
Arenh_fwd79	GAAAGAGTCTGAACTCTGAG
Arenh_fwd80	TCTGAACTCTGAGGGGCAGA
Arenh_fwd81	ACTCTGAGGGGCAGATGGAC
Arenh_fwd82	AGGCAAGTTTACGTAAAGCA
Arenh_fwd83	TAAATATGCAATTTCAGAAC
Arenh_fwd84	ATTTCAGAACTGGCTGAGAG
Arenh_fwd85	TTTCAGAACTGGCTGAGAGT
Arenh_fwd86	TTCAGAACTGGCTGAGAGTG
Arenh_fwd87	GGCTGAGAGTGGGGACTGAG
Arenh_fwd88	GAGTGGGGACTGAGTGGCCT
Arenh_fwd89	GGGACTGAGTGGCCTAGGTA
Arenh_fwd90	GGACTGAGTGGCCTAGGTAT
Arenh_fwd91	GACTGAGTGGCCTAGGTATG
Arenh_fwd92	CTAGGTATGGGGTTTAATAA
Arenh_fwd93	TAGGTATGGGGTTTAATAAA
Arenh_fwd94	TCCTATCTTTGTATCAACTC
Arenh_fwd95	AACTCTGGAACCAGACATCC
Arenh_fwd96	ACTCTGGAACCAGACATCCT
Arenh_fwd97	TGGAACCAGACATCCTGGGT
Arenh_fwd98	GACATCCTGGGTAGGTACCC
Arenh_fwd99	AGTAATAGTATTTATGTCAC
Arenh_fwd100	GTAATAGTATTTATGTCACA
Arenh_fwd101	TTGTAAAGTATTTACAATAT
Arenh_fwd102	AAAGTATTTACAATATTGGC
Arenh_fwd103	TTAAAAGCAATTTTCTTAGT
Arenh_fwd104	TAAAAGCAATTTTCTTAGTA
Arenh_fwd105	TTTTCTTAGTAGGGCATGTA
Arenh_fwd106	AAAATTGCATTCCTCAAGAA
Arenh_fwd107	GAACACTGCCCAATCATACT
Arenh_fwd108	ATGTCTGTGTGCCTTAGCTT
Arenh_fwd109	TGTGTGCCTTAGCTTTGGCC
Arenh_fwd110	TCCCCTTCTAAAGCTATCTC
Arenh_fwd111	CAGGCTTCATCTCCTCCAGA
Arenh_fwd112	CTTCCCCACCCCCTTGAACT
Arenh_fwd113	GAACTAGGCATTATAATCTT
Arenh_fwd114	TGCACACATTTCTGTAGAGA
Arenh_fwd115	GTACTTCAATTATTTGTTTA
Arenh_fwd116	TACTTCAATTATTTGTTTAT
Arenh_fwd117	CCATGAGATCTTGAATGCAG
Arenh_fwd118	CCCACCCCAAGCTCATAGCT
Arenh_fwd119	GCTCATAGCTTGGCACACAG
Arenh_fwd120	CTCATAGCTTGGCACACAGT
Arenh_fwd121	AGTGGGAGCTATAAGAATGT
Arenh_fwd122	CTACAATTATCCTCATTTTA
Arenh_fwd123	TTATCCTCATTTTATGGATG
Arenh_fwd124	GAGGAACCTGAGATTGAAAG
Arenh_fwd125	CCTGAGATTGAAAGAGGTTA
Arenh_fwd126	CTGAGATTGAAAGAGGTTAA
Arenh_fwd127	AAGAGGTTAAGGGTGTATTA
Arenh_fwd128	AGCTAATGAGTAAAGATTGC
Arenh_fwd129	GCTAATGAGTAAAGATTGCT
Arenh_fwd130	GATTGCTGGGACTTAATTCC
Arenh_fwd131	TAAACACAGTGCTTTTTCCA
Arenh_fwd132	CTCTTTTTTATTAATAATAA
Arenh_fwd133	TTGAGCACTTTCTTTTCTCC
Arenh_fwd134	ATCCTCTCAACAATCCTGCA
Arenh_fwd135	CTGCAAGGCTTACCCCATTA
Arenh_fwd136	CCCATTACGGTACCTATTTA
Arenh_fwd137	ACGGTACCTATTTATGGAAG
Arenh_fwd138	GAGGAAATTGAAGCATAGAA
Arenh_fwd139	GAAATTGAAGCATAGAAAGG
Arenh_fwd140	ACCCAGTGTAACTTTACAAC
Arenh_fwd141	GTCCTCTATAGATTCTCAGC
Arenh_fwd142	TCCTCTATAGATTCTCAGCT
Arenh_fwd143	AGAATGCTACTACTAGCAAA
Arenh_fwd144	GAATGCTACTACTAGCAAAT
Arenh_fwd145	GCAAATGGGTTTTTGAACCT
Arenh_fwd146	GGGTTTTTGAACCTAGGTGT
Arenh_fwd147	CCTAGGTGTTGGTGCCACTG
Arenh_fwd148	TTTTCTTTTTCCATCACAAC
Arenh_fwd149	ACAACAGGTAGCTGTATCAG
Arenh_fwd150	GCTGTATCAGTGGTCAAAAA
Arenh_fwd151	AAAAGGAAGAATTCTGTTTG
Arenh_fwd152	AGGAAGAATTCTGTTTGTGG
Arenh_fwd153	GGAAGAATTCTGTTTGTGGT
Arenh_fwd154	CTGTTTGTGGTGGGTACTTC
Arenh_fwd155	TGTTTGTGGTGGGTACTTCT
Arenh_fwd156	GTTTGTGGTGGGTACTTCTG
Arenh_fwd157	TGGTGGGTACTTCTGGGGAG
Arenh_fwd158	TAGCCGCTCAGCTTTTGTAT
Arenh_fwd159	AGCCGCTCAGCTTTTGTATT
Arenh_fwd160	CAGCTTTTGTATTGGGAATG
Arenh_fwd161	TGTATTGGGAATGTGGCTTG
Arenh_fwd162	GTGGATTTTTGAGAGTGTAA
Arenh_fwd163	TGGATTTTTGAGAGTGTAAA
Arenh_fwd164	GGATTTTTGAGAGTGTAAAG
Arenh_fwd165	AGAGTGTAAAGGGGAAATAT
Arenh_fwd166	ATGTCCTGTCTTCTTTTCTC
Arenh_fwd167	TGTCCTGTCTTCTTTTCTCA
Arenh_fwd168	TACCCAGATGAGAAAAAAAC
Arenh_fwd169	AAAAAAACAGGCAGACACAA
Arenh_fwd170	CAGGCAGACACAAAGGACAA
Arenh_fwd171	AGGCAGACACAAAGGACAAT
Arenh_fwd172	GGCAGACACAAAGGACAATG
Arenh_fwd173	GACACAAAGGACAATGGGGT
Arenh_fwd174	ACAAAGGACAATGGGGTTGG
Arenh_fwd175	CAAAGGACAATGGGGTTGGA
Arenh_fwd176	GGAAATCAGTTACTGAAATG
Arenh_fwd177	ACTGAAATGAGGCCCCAGAC
Arenh_fwd178	GTTTTCATCTTCTGCTTATC
Arenh_fwd179	TAGACAAGTATTTATTTAAC
Arenh_fwd180	AAGTATTTATTTAACAGGAG
Arenh_fwd181	TTATTTAACAGGAGAGGACG
Arenh_fwd182	TATTTAACAGGAGAGGACGA
Arenh_fwd183	TATTTATTTGCTACAGTCAT
Arenh_fwd184	AGATATATTATCTGATCTCC
Arenh_fwd185	TGTGCAATTGCAATTGCCTC
Arenh_fwd186	GTGCAATTGCAATTGCCTCC
Arenh_fwd187	TAAGAACTATGAATAAACAT
Arenh_fwd188	AACTATGAATAAACATAGGA
Arenh_fwd189	ACTATGAATAAACATAGGAA
Arenh_fwd190	ATAAACATAGGAAGGGAGCA
Arenh_fwd191	AAGGGAGCAAGGCAAAGAGC
Arenh_fwd192	CAAGGCAAAGAGCAGGATTT
Arenh_fwd193	AGCAGGATTTAGGAGCTTCC
Arenh_fwd194	GGATTTAGGAGCTTCCTGGT
Arenh_fwd195	GATTTAGGAGCTTCCTGGTT
Arenh_fwd196	AGCACTCGCTGAGTAAGCAA
Arenh_fwd197	GCACTCGCTGAGTAAGCAAA
Arenh_fwd198	ACTTTGATAGAAGTGTGTGC
Arenh_fwd199	ACACCAAAGCCAGCCAAGCA
Arenh_fwd200	CCAAAGCCAGCCAAGCATGG
Arenh_fwd201	CAGCCAAGCATGGCGGCTCA
Arenh_fwd202	AGCCAAGCATGGCGGCTCAA
Arenh_fwd203	GCCAAGCATGGCGGCTCAAG
Arenh_fwd204	AAAAACACTGTCATGAACCT
Arenh_fwd205	GTCATGAACCTAGGTGTCCA
Arenh_fwd206	TTACTGTGAGACAGCAGAAT
Arenh_fwd207	CAGAATAGGTTGAAATAATC
Arenh_fwd208	CTACAGAAGCATTGCAATCC
Arenh_fwd209	TACAGAAGCATTGCAATCCT
Arenh_fwd210	CCTGGGCTTTTTAGCAAGCT
Arenh_fwd211	CTGGGCTTTTTAGCAAGCTA
Arenh_fwd212	GGAGATAGATGCATGCTTCT
Arenh_fwd213	TGCTTCTTGGCCTGATAGCA
Arenh_fwd214	GCTTCTTGGCCTGATAGCAT
Arenh_fwd215	CCTGATAGCATGGGTCATAC
Arenh_fwd216	ATAGCATGGGTCATACAGGA
Arenh_fwd217	GTCATACAGGAAGGCTTTCC
Arenh_fwd218	TCATACAGGAAGGCTTTCCA
Arenh_fwd219	AGGGAGCCTAATTTACAGAT
Arenh_fwd220	ATTTACAGATTGGAAAACTG
Arenh_fwd221	AGATTGGAAAACTGAGGCTA
Arenh_fwd222	ATCTCTGTAGTTGACTGCAG
Arenh_fwd223	TCTCTGTAGTTGACTGCAGA
Arenh_fwd224	GTTGACTGCAGAGGGAATTT
Arenh_fwd225	GCAGAGGGAATTTAGGTATT
Arenh_fwd226	CAGAGGGAATTTAGGTATTT
Arenh_fwd227	AGAGGGAATTTAGGTATTTG
Arenh_fwd228	GGGAATTTAGGTATTTGGGG
Arenh_fwd229	AGACAGTGCACAGAGAAGAA
Arenh_fwd230	GACAGTGCACAGAGAAGAAT
Arenh_fwd231	GCACAGAGAAGAATGGGAAG
Arenh_fwd232	AGTGTTTCCAAATAGACCAG
Arenh_fwd233	TCCAAATAGACCAGAGGTAC
Arenh_fwd234	CATTTGCAATAAGAAGCCCC
Arenh_fwd235	GTCCCATCTTGCCATTACCT
Arenh_fwd236	TGCCATTACCTAGGTGACCT
Arenh_fwd237	GCCATTACCTAGGTGACCTT
Arenh_fwd238	GTTATGCTATCTGTAAAATG
Arenh_fwd239	AGGCTAATAAAACCTGTCAA
Arenh_fwd240	GGCTAATAAAACCTGTCAAT
Arenh_fwd241	AATAAAACCTGTCAATGGGC
Arenh_fwd242	ATAAAACCTGTCAATGGGCA
Arenh_fwd243	TAAAACCTGTCAATGGGCAG
Arenh_fwd244	AAAACCTGTCAATGGGCAGG
Arenh_fwd245	ATGGGCAGGGGGATTGCCTG
Arenh_fwd246	ATGAAAAAGCTCTAGAGAGA
Arenh_fwd247	AAAAGCTCTAGAGAGATGGT
Arenh_fwd248	AAAGCTCTAGAGAGATGGTA
Arenh_fwd249	TAGAGAGATGGTAGGGTCTG
Arenh_fwd250	CTCCGTTTATCAGCCACCAA
Arenh_fwd251	CTTTAGCTTTTGCATTTAAA
Arenh_fwd252	TATATGTAGAATGTCACATT
Arenh_fwd253	TGCTTTGAGAGATAGAGAGA
Arenh_fwd254	GCTTTGAGAGATAGAGAGAT
Arenh_fwd255	TAGAGAGATGGGCCTTAACC
Arenh_fwd256	TAAATAACAAGCCAACAATA
Arenh_fwd257	ACCTGTAATCACTGAGCTGA
Arenh_fwd258	ATCACTGAGCTGAAGGCCAA
Arenh_fwd259	TGAGCTGAAGGCCAATGGTG
Arenh_fwd260	GAGCTGAAGGCCAATGGTGA
Arenh_fwd261	AGCTGAAGGCCAATGGTGAG
Arenh_fwd262	GCTGAAGGCCAATGGTGAGG
Arenh_fwd263	ATTCCAGTATATCCCCATTT
Arenh_fwd264	TTATTAGTCCCCAGAATCAA
Arenh_fwd265	ATCAATGGCCCATGCTCCTT
Arenh_fwd266	GGCCCATGCTCCTTAGGCCT
Arenh_fwd267	AATTCTGCTTTATCATCCTT
Arenh_fwd268	ATTCTGCTTTATCATCCTTT
Arenh_fwd269	ATTCCACCTCTTTTTCCTCC
Arenh_fwd270	GTTTTGCTCTGAACTATTAA
Arenh_fwd271	TAATCTGAACATCAGCTCCT
Arenh_fwd272	TCTGAACATCAGCTCCTTGG
Arenh_fwd273	AACATCAGCTCCTTGGAGGC
Arenh_fwd274	TTCTTTTTGTCTCAAAAGTC
Arenh_fwd275	CTTGTTGTTTGACACTAGTT
Arenh_fwd276	TTGTTGTTTGACACTAGTTT
Arenh_fwd277	CAATGCAAACATATGTCCTT
Arenh_fwd278	TGCCAACATATTGACATTTC
Arenh_fwd279	GAAACAATTTCAGCAGTTTA
Arenh_fwd280	CAATTTCAGCAGTTTATGGT
Arenh_fwd281	AAAATAGAACCTTTTACTGC
Arenh_fwd282	TACTGCAGGTGAAATTCAAC
Arenh_fwd283	ACTGCAGGTGAAATTCAACA
Arenh_fwd284	AGATAAAAGTAGAGCTATTT
Arenh_fwd285	GATAAAAGTAGAGCTATTTT
Arenh_fwd286	TAGAGCTATTTTGGGTAATA
Arenh_fwd287	GCTATTTTGGGTAATATGGA
Arenh_fwd288	TATGGAAGGCCATCCTTTCT
Arenh_fwd289	ATCCTTTCTTGGTAATTCCT
Arenh_fwd290	CTATCTCTGTAGAATACTCT
Arenh_fwd291	GAATACTCTTGGATTCTATG
Arenh_fwd292	AATGCTCTCAAAAGACCAAT
Arenh_fwd293	TTTAAATTAAGATACATACT
Arenh_fwd294	ACTTGGTGACTTGACTTGAC
Arenh_fwd295	AATGTCATAACTCAGAGACC
Arenh_fwd296	ATGTCATAACTCAGAGACCC
Arenh_fwd297	TGTCATAACTCAGAGACCCG
Arenh_fwd298	GTCATAACTCAGAGACCCGG
Arenh_fwd299	CAGAGACCCGGGGGACCTGA
Arenh_fwd300	AGAGACCCGGGGGACCTGAT
Arenh_fwd301	GAGACCCGGGGGACCTGATG
Arenh_fwd302	AGACCCGGGGGACCTGATGG
Arenh_fwd303	GGGGACCTGATGGGGGCTGT
Arenh_fwd304	TGATGGGGGCTGTAGGTCCA
Arenh_fwd305	GGGCTGTAGGTCCATGGCTT
Arenh_fwd306	AAAGTTTTCCTCACAATAGC
Arenh_fwd307	AAAAAAAAAAAATGCTCACA
Arenh_fwd308	GGCCCTAGATGCCTGATGAG
Arenh_fwd309	ATGAGCGGCCTCTTCTGCCT
Arenh_fwd310	TGAGCGGCCTCTTCTGCCTA
Arenh_fwd311	CGGCCTCTTCTGCCTAGGGA
Arenh_fwd312	GGCCTCTTCTGCCTAGGGAA
Arenh_fwd313	CTAGGGAAGGGCAGAACCCC
Arenh_fwd314	GAAGGGCAGAACCCCAGGAC
Arenh_fwd315	GTTAATCCTCTCCACTGCCA
Arenh_fwd316	GAATCCCCTTGTCTGAGAAT
Arenh_fwd317	TCTGAGAATCGGCTTCTCTC
Arenh_fwd318	CTGAGAATCGGCTTCTCTCA
Arenh_fwd319	ACTGTGTTTTTCTTTGTGTC
Arenh_fwd320	AGAGTCAGAAGTTTTCTCTG
Arenh_fwd321	ATCCATGTAAGACAACACTT
Arenh_fwd322	GACAACACTTTGGCCCTTTC
Arenh_fwd323	ACAACACTTTGGCCCTTTCA
Arenh_fwd324	CCTTTCAGGGAACTTACACA
Arenh_fwd325	CTTTCAGGGAACTTACACAA
Arenh_fwd326	ACACAAGGGCAACATCTATT
Arenh_fwd327	AAGGGCAACATCTATTTGGA
Arenh_fwd328	CAGTTCCAACAAACCAGATC
Arenh_fwd329	AACCAGATCTGGACCACCTT
Arenh_fwd330	ACCAGATCTGGACCACCTTT
Arenh_fwd331	CCACCTTTGGGATGACCTGC
Arenh_fwd332	AAAAAACAACCTTATGAGAT
Arenh_fwd333	ATCTAGACAGTCACAAAGCT
Arenh_fwd334	CAAAGCTAGGATCCTAACCT
Arenh_fwd335	ACTCTCGTATCAGTTTCTTT
Arenh_fwd336	GCAATTTGTCCACATTAGTG
Arenh_fwd337	AATTATTTTAATCCCCTCTT
Arenh_fwd338	TTGGTTCTCTCTTGCCTTCC
Arenh_fwd339	TGGTTCTCTCTTGCCTTCCA
Arenh_fwd340	CTTCCAGGGTGTGAGCCAAC
Arenh_fwd341	AGCCAACAGGAGTTGCTAGA
Arenh_fwd342	CAACAGGAGTTGCTAGACGG
Arenh_fwd343	GGAAAGCACGATTGTCTGAG
Arenh_fwd344	ACGATTGTCTGAGAGGCCAG
Arenh_fwd345	TAAGTGTCTCTGTAATCCTG
Arenh_fwd346	GTGTCTCTGTAATCCTGTGG
Arenh_fwd347	AGGAAGATTCTTCCTTTCTC
Arenh_fwd348	CTCTGGATCTGCTTCCCCAA
Arenh_fwd349	CTGCTTCCCCAATGGCCATA
Arenh_fwd350	CAATGGCCATATGGTGATTT
Arenh_fwd351	TAGTAAAGTCAACTCTCTCA
Arenh_fwd352	TTCATGTACCTACAATGCAC
Arenh_fwd353	TCATGTACCTACAATGCACT
Arenh_fwd354	CATGTACCTACAATGCACTG
Arenh_fwd355	GTACCTACAATGCACTGGGG
Arenh_fwd356	TGCACTGGGGAGGACCCCTG
Arenh_fwd357	GGAGTACTCATTTCAATTTC
Arenh_fwd358	GAGTACTCATTTCAATTTCA
Arenh_fwd359	CTAGTTACTGCTTAACCCCA
Arenh_fwd360	TAACCCCACGGTATTGTGTA
Arenh_fwd361	AACCCCACGGTATTGTGTAA
Arenh_fwd362	GTGTAAGGGAAAAGAGAGCA
Arenh_fwd363	GAAAAGAGAGCAAGGATAGA
Arenh_fwd364	AAAAGAGAGCAAGGATAGAA
Arenh_fwd365	TATATCCTTCGAACTCTCCA
Arenh_fwd366	CTCCAAGGCTCTGTACTCAT
Arenh_fwd367	CATTGGTATAAAACAATTCA
Arenh_fwd368	AGAAGTAACACCTCCTTGAA
Arenh_fwd369	AACACCTCCTTGAATGGATG
Arenh_fwd370	TTGAATGGATGAGGAAATTG
Arenh_fwd371	GGAAATTGAGGCACAAAGAT
Arenh_fwd372	ATTGAGGCACAAAGATAGGA
Arenh_fwd373	GATAGGATGGCCTTTGCCTG
Arenh_fwd374	TGGCCTTTGCCTGAGGTCAC
Arenh_fwd375	CCTTTGCCTGAGGTCACAGG
Arenh_fwd376	TTGCCTGAGGTCACAGGAGG
Arenh_fwd377	TGAGGTCACAGGAGGTGGCA
Arenh_fwd378	CAAGGTTTGAACTAGAATCA
Arenh_fwd379	TCTGTTAAATCTAGAGAATT
Arenh_fwd380	ACCAGTCATATTGAGCTCCT
Arenh_fwd381	GATGTTACGCTGATGTGACG
Arenh_fwd382	GTGACGAGGCAATTAATGCA
Arenh_fwd383	TTCTTGTGAAAGCCTCAGAA
Arenh_fwd384	AAAGCCTCAGAAAGGAGAGA
Arenh_fwd385	GACAGACTTTCTCTTGCTAC
Arenh_fwd386	GACTTTCTCTTGCTACTGGT
Arenh_fwd387	TCTCTTGCTACTGGTTGGTT
Arenh_fwd388	TACTGGTTGGTTTGGCCTAT
Arenh_fwd389	ACTGGTTGGTTTGGCCTATT
Arenh_fwd390	ATCCTTCTGATAACCTTATG
Arenh_fwd391	CCATTTTACAGATGAAAGAA
Arenh_fwd392	GAAAGAATGGAGATGCAGAC
Arenh_fwd393	AGAATCACACAGCTATTAAA
Arenh_fwd394	CAGAGAATAAACTTGAACTC
Arenh_fwd395	TCAAAAGTTTATGCTGCTAA
Arenh_fwd396	AGTTGAAATTGTTTGTGTGC
Arenh_fwd397	GTTGAAATTGTTTGTGTGCA
Arenh_fwd398	GAAATTGTTTGTGTGCAGGG
Arenh_fwd399	GGTGTCACAAAAAACAGCTT
Arenh_fwd400	CAACCTAACTTATCATGTTT
Arenh_fwd401	AACCTAACTTATCATGTTTA
Arenh_fwd402	GGAAGAGTGCTCTCTCAGCC
Arenh_fwd403	CTCAACAAAAATAGAGATCC
Arenh_fwd404	GTCTGTTATTTAAATATTAT
Arenh_fwd405	TCTGTTATTTAAATATTATT
Arenh_fwd406	CTGTTTGTTTACTGTCTATT
Arenh_fwd407	TGTTTGTTTACTGTCTATTT
Arenh_fwd408	ACTATAAATGTTAATTTGAG
Arenh_fwd409	GTTAATTTGAGAGGTAACTT
Arenh_fwd410	CCATTTACCCACATGAACCC
Arenh_fwd411	CATTTACCCACATGAACCCT
Arenh_fwd412	CTGGGCTCATCACTTAACCT
Arenh_fwd413	CTCTTAGTCGCTCAAACACA
Arenh_fwd414	TTTACAAAAGTGCAGTGTTG
Arenh_fwd415	ACTCATTGAGATGAAGAAAC
Arenh_fwd416	GAGATGAAGAAACAGGTCAT
Arenh_fwd417	GCTCATGAGCCCCCTGCAAG
Arenh_fwd418	CCCCTGCAAGTGGCCAATAC
Arenh_fwd419	CAGGAGTATACCTAGCATAA
Arenh_fwd420	AGCATAATGGAAGTCTTGTG
Arenh_fwd421	AATGGAAGTCTTGTGAGGTC
Arenh_fwd422	AGTCTTGTGAGGTCAGGCAC
Arenh_fwd423	CATAATGCTAAGCCCAAATA
Arenh_fwd424	ATGGCAGTTAAAAATTATTG
Arenh_fwd425	ATCCAGTTCTCCTGACTTCC
Arenh_fwd426	TTTTAAGCAGCTTTGCAAAT
Arenh_fwd427	AGCAGCTTTGCAAATTGGCA
Arenh_fwd428	GCAAATTGGCATGGTCATAG
Arenh_fwd429	TGGCATGGTCATAGAGGTCC
Arenh_fwd430	GGCATGGTCATAGAGGTCCA
Arenh_fwd431	AGCTCCTTCTTGCCCCAAAT
Arenh_fwd432	GGTTATTGTACCTAACATGT
Arenh_fwd433	GTTATTGTACCTAACATGTT
Arenh_fwd434	ATTGTACCTAACATGTTGGG
Arenh_fwd435	TAACATGTTGGGTGGCAGAA
Arenh_fwd436	GTTGGGTGGCAGAAAGGCTT
Arenh_fwd437	TTGGGTGGCAGAAAGGCTTT
Arenh_fwd438	AGGCTTTGGGAGTGAAGACG
Arenh_fwd439	GGCTTTGGGAGTGAAGACGA
Arenh_fwd440	TTTGGGAGTGAAGACGAGGG
Arenh_fwd441	TTGGGAGTGAAGACGAGGGA
Arenh_fwd442	GGAGTGAAGACGAGGGAGGG
Arenh_fwd443	GAAGACGAGGGAGGGAGGTG
Arenh_fwd444	GGAGGGAGGTGTGGTAATTG
Arenh_fwd445	TGTAAGCAATTTTGTGTTTC
Arenh_fwd446	TTTATTTTTCACAATTTCTG
Arenh_fwd447	TTATTTTTCACAATTTCTGT
Arenh_fwd448	TTTCACAATTTCTGTGGGTC
Arenh_fwd449	TTTCTGTGGGTCAGGAAACC
Arenh_rev1	ATAAATGTGCATTGTTTTTA
Arenh_rev2	CAAAATTGCTTACACAATAC
Arenh_rev3	TTTCTGCCACCCAACATGTT
Arenh_rev4	GTTAGGTACAATAACCTATT
Arenh_rev5	TTAGGTACAATAACCTATTT
Arenh_rev6	TAGGTACAATAACCTATTTG
Arenh_rev7	ATAACCTATTTGGGGCAAGA
Arenh_rev8	TATTTGGGGCAAGAAGGAGC
Arenh_rev9	CAAGAAGGAGCTGGAGCTTG
Arenh_rev10	AAGGAGCTGGAGCTTGTGGT
Arenh_rev11	TTGTGGTAGGTAGAAGACTT
Arenh_rev12	GTCTGATTTCTTTCATACCC
Arenh_rev13	TTATATTTGAAAAAAAATCA
Arenh_rev14	GAGCAATAAGAATTCTCACC
Arenh_rev15	AGAATTCTCACCTGGAAGTC
Arenh_rev16	CACCTGGAAGTCAGGAGAAC
Arenh_rev17	TAATTTTTAACTGCCATATT
Arenh_rev18	AATTTTTAACTGCCATATTT
Arenh_rev19	TAGCATTATGTTCAATAATG
Arenh_rev20	CACAAGACTTCCATTATGCT
Arenh_rev21	TGCTAGGTATACTCCTGTAT
Arenh_rev22	CTCCTGTATTGGCCACTTGC
Arenh_rev23	TCCTGTATTGGCCACTTGCA
Arenh_rev24	CCTGTATTGGCCACTTGCAG
Arenh_rev25	CTGTATTGGCCACTTGCAGG
Arenh_rev26	TGTTTCTTCATCTCAATGAG
Arenh_rev27	TCATCTCAATGAGTGGCAGC
Arenh_rev28	AACACTGCACTTTTGTAAAA
Arenh_rev29	CTTGTGTTTGAGCGACTAAG
Arenh_rev30	TTGTGTTTGAGCGACTAAGA
Arenh_rev31	TGTGTTTGAGCGACTAAGAG
Arenh_rev32	GACTAAGAGGGGCTGCTTTC
Arenh_rev33	AAGAGGGGCTGCTTTCTGGA
Arenh_rev34	GGGGCTGCTTTCTGGATGGT
Arenh_rev35	TTCTGGATGGTTGGTTACTC
Arenh_rev36	TCTGGATGGTTGGTTACTCA
Arenh_rev37	TTGGTTACTCAGGGTCACCA
Arenh_rev38	CAAGGTTAAGTGATGAGCCC
Arenh_rev39	AAGGTTAAGTGATGAGCCCA
Arenh_rev40	TGATGAGCCCAGGGTTCATG
Arenh_rev41	GATGAGCCCAGGGTTCATGT
Arenh_rev42	CCAGGGTTCATGTGGGTAAA
Arenh_rev43	AAAAGCAAAGTGAACTTTCC
Arenh_rev44	CTGGATCTCTATTTTTGTTG
Arenh_rev45	CTATTTTTGTTGAGGCATCT
Arenh_rev46	TATTTTTGTTGAGGCATCTA
Arenh_rev47	ATTTTTGTTGAGGCATCTAG
Arenh_rev48	GCTCTAGTTGAGTTCTCTCC
Arenh_rev49	TTCCCTAAACATGATAAGTT
Arenh_rev50	CTAAACATGATAAGTTAGGT
Arenh_rev51	TAAACATGATAAGTTAGGTT
Arenh_rev52	CATGATAAGTTAGGTTGGGC
Arenh_rev53	ATGATAAGTTAGGTTGGGCT
Arenh_rev54	AGTTAGGTTGGGCTGGGTGT
Arenh_rev55	GTTAGGTTGGGCTGGGTGTA
Arenh_rev56	ATTAGCAGCATAAACTTTTG
Arenh_rev57	CCATTCTTTCATCTGTAAAA
Arenh_rev58	ATGCTATAACTCTCCTCATA
Arenh_rev59	CTCCTCATAAGGTTATCAGA
Arenh_rev60	GTTAATATTTGTAAAACACT
Arenh_rev61	TAATTATAAAAAAACCCAAT
Arenh_rev62	ATCTCCATCTCTCCTTTCTG
Arenh_rev63	GATGACTTCTCTTCACATTT
Arenh_rev64	ATGACTTCTCTTCACATTTT
Arenh_rev65	TCTCTTCACATTTTGGGAAT
Arenh_rev66	CTCTTCACATTTTGGGAATT
Arenh_rev67	TTTTGGGAATTGGGAAACTG
Arenh_rev68	GAATTGGGAAACTGAGGCCT
Arenh_rev69	GCCTAGGAGCTCAATATGAC
Arenh_rev70	CTCAATATGACTGGTATAAT
Arenh_rev71	TTGCCACCTCCTGTGACCTC
Arenh_rev72	CCTCCTGTGACCTCAGGCAA
Arenh_rev73	TCAATTTCCTCATCCATTCA
Arenh_rev74	ATTTCCTCATCCATTCAAGG
Arenh_rev75	AGAAGTAGCAGATGATTCAA
Arenh_rev76	ACAACTTGTTTGTAATAGAG
Arenh_rev77	CAACTTGTTTGTAATAGAGT
Arenh_rev78	TACCAATGAGTACAGAGCCT
Arenh_rev79	CAGAGCCTTGGAGAGTTCGA
Arenh_rev80	GTTCGAAGGATATATTCAGT
Arenh_rev81	TTTTCCCTTACACAATACCG
Arenh_rev82	TTTCCCTTACACAATACCGT
Arenh_rev83	TTCCCTTACACAATACCGTG
Arenh_rev84	CGTGGGGTTAAGCAGTAACT
Arenh_rev85	GGTTAAGCAGTAACTAGGAC
Arenh_rev86	CAGTAACTAGGACAGGACAC
Arenh_rev87	CACTGGCTCTTCTGCATTGA
Arenh_rev88	TGTAAAATGTCAAAGCAGAG
Arenh_rev89	GTAAAATGTCAAAGCAGAGA
Arenh_rev90	GTCAAAGCAGAGAGGGACTT
Arenh_rev91	GGAGACATCTTTTACTTCAG
Arenh_rev92	AATTGAAATGAGTACTCCTC
Arenh_rev93	ATTGAAATGAGTACTCCTCA
Arenh_rev94	TTGAAATGAGTACTCCTCAG
Arenh_rev95	GGTCCTCCCCAGTGCATTGT
Arenh_rev96	TTGTAGGTACATGAACTATA
Arenh_rev97	TGTAGGTACATGAACTATAA
Arenh_rev98	AAATGAAGATATATTTGTTA
Arenh_rev99	AAGATATATTTGTTATGGAG
Arenh_rev100	AAATAATTTGTACTCTGACT
Arenh_rev101	ACTCTGACTTGGACTGAAAA
Arenh_rev102	TGTAGTCCTAAATCACCATA
Arenh_rev103	CTAAATCACCATATGGCCAT
Arenh_rev104	TAAATCACCATATGGCCATT
Arenh_rev105	AAATCACCATATGGCCATTG
Arenh_rev106	GGGGAAGCAGATCCAGAGAA
Arenh_rev107	AAGGAAGAATCTTCCTCCAC
Arenh_rev108	AGAACTTGAATCAAAACCAC
Arenh_rev109	CACCGTCTAGCAACTCCTGT
Arenh_rev110	ACTCCTGTTGGCTCACACCC
Arenh_rev111	CTGTTGGCTCACACCCTGGA
Arenh_rev112	AAGGCAAGAGAGAACCAAAG
Arenh_rev113	AGGCAAGAGAGAACCAAAGA
Arenh_rev114	GGCAAGAGAGAACCAAAGAG
Arenh_rev115	GGATTAAAATAATTTCTTGT
Arenh_rev116	GATTAAAATAATTTCTTGTT
Arenh_rev117	TAAAATAATTTCTTGTTGGG
Arenh_rev118	GGAGAAGTACCTCACTAATG
Arenh_rev119	ACAAATTGCTTTGCTTCTCA
Arenh_rev120	ACAATGTGTAGATAATGAGT
Arenh_rev121	CAATGTGTAGATAATGAGTT
Arenh_rev122	GTAGATAATGAGTTGGGCTC
Arenh_rev123	TCTGGATTCAGAGAATGCCT
Arenh_rev124	ATTCAGAGAATGCCTAGGTT
Arenh_rev125	ACTGTCTAGATATCTGATCT
Arenh_rev126	ATAATAGTACCTATCTCATA
Arenh_rev127	TTTATTATACTTTAAGTTTT
Arenh_rev128	TTATTATACTTTAAGTTTTA
Arenh_rev129	AAAATTAAATGAGTTAATAC
Arenh_rev130	TAGTTATTTCTGTTAAAACT
Arenh_rev131	TGTTAAAACTTGGAACACAC
Arenh_rev132	GTTAAAACTTGGAACACACA
Arenh_rev133	CAGGGCTACACTTACAGCAC
Arenh_rev134	CTTACAGCACAGGTGCATCT
Arenh_rev135	TGCATCTTGGCATCTTTCTG
Arenh_rev136	AAGTATAGTTTATAACCTGC
Arenh_rev137	TAACCTGCAGGTCATCCCAA
Arenh_rev138	CCTGCAGGTCATCCCAAAGG
Arenh_rev139	TCCCAAAGGTGGTCCAGATC
Arenh_rev140	GTGGTCCAGATCTGGTTTGT
Arenh_rev141	TCAGAAAATAAAAATCATGC
Arenh_rev142	CCTTGTGTAAGTTCCCTGAA
Arenh_rev143	CTTGTGTAAGTTCCCTGAAA
Arenh_rev144	GGCCAAAGTGTTGTCTTACA
Arenh_rev145	CATATTTTCTTTAAAAATGC
Arenh_rev146	TAGTTTTGAAGAGTGAGAAA
Arenh_rev147	GAGAAGCCGATTCTCAGACA
Arenh_rev148	AGAAGCCGATTCTCAGACAA
Arenh_rev149	GAAGCCGATTCTCAGACAAG
Arenh_rev150	ACAAGGGGATTCGTTATCCT
Arenh_rev151	GGATTCGTTATCCTTGGCAG
Arenh_rev152	CGTTATCCTTGGCAGTGGAG
Arenh_rev153	GAGAGGATTAACTAGAGTAC
Arenh_rev154	GAGTACTGGAAAGTTACTGA
Arenh_rev155	AAGTTACTGAAGGCCAGTCC
Arenh_rev156	AGTTACTGAAGGCCAGTCCT
Arenh_rev157	GTTACTGAAGGCCAGTCCTG
Arenh_rev158	CTGGGGTTCTGCCCTTCCCT
Arenh_rev159	TGCCCTTCCCTAGGCAGAAG
Arenh_rev160	GGCAGAAGAGGCCGCTCATC
Arenh_rev161	AGGCCGCTCATCAGGCATCT
Arenh_rev162	GGCCGCTCATCAGGCATCTA
Arenh_rev163	TTTTTTTTTACTTTTTTCTG
Arenh_rev164	TTTTTTTTACTTTTTTCTGT
Arenh_rev165	TTTTTACTTTTTTCTGTGGG
Arenh_rev166	AACTCTTACCTGCTATTGTG
Arenh_rev167	TAAACAAGTTGCCTAAGCCA
Arenh_rev168	ATGGACCTACAGCCCCCATC
Arenh_rev169	ACAGCCCCCATCAGGTCCCC
Arenh_rev170	CAGCCCCCATCAGGTCCCCC
Arenh_rev171	ATCTTAATTTAAACATATTC
Arenh_rev172	TTAAACATATTCTGGCCTAT
Arenh_rev173	GTATTCTACAGAGATAGCCT
Arenh_rev174	AGCCTAGGAATTACCAAGAA
Arenh_rev175	TAGGAATTACCAAGAAAGGA
Arenh_rev176	TGAATTTCACCTGCAGTAAA
Arenh_rev177	AAGGTTCTATTTTAAAAAAC
Arenh_rev178	TTCCAGAAATGTCAATATGT
Arenh_rev179	GTCAATATGTTGGCAACCAA
Arenh_rev180	AAAATAATTATGATACATGA
Arenh_rev181	TGATTTAATTCCTGCCTCCA
Arenh_rev182	AGCTGATGTTCAGATTAAGA
Arenh_rev183	GATGTTCAGATTAAGAAGGC
Arenh_rev184	AGAAGGCAGGACAAACAGAC
Arenh_rev185	TAGTTCAGAGCAAAACTATG
Arenh_rev186	AACTATGTGGTTCTAATTTT
Arenh_rev187	TTCTAATTTTAGGAGCTCAG
Arenh_rev188	TCTAATTTTAGGAGCTCAGA
Arenh_rev189	AGCTCAGAGGGAGATAGACC
Arenh_rev190	TCAGAGGGAGATAGACCTGG
Arenh_rev191	GATAGACCTGGAGGAAAAAG
Arenh_rev192	AGACCTGGAGGAAAAAGAGG
Arenh_rev193	AAAAGAGGTGGAATTGTAGC
Arenh_rev194	AAAGAGGTGGAATTGTAGCT
Arenh_rev195	GAATTGTAGCTGGGACCCAA
Arenh_rev196	TGATAAAGCAGAATTACTAC
Arenh_rev197	ATAAGTATAGATGCAGAGAA
Arenh_rev198	TAGATGCAGAGAAAGGAGTA
Arenh_rev199	GAAAGGAGTAAGGATGATGT
Arenh_rev200	AGTAAGGATGATGTTGGAAG
Arenh_rev201	GTAAGGATGATGTTGGAAGT
Arenh_rev202	GTTGGAAGTGGGAGAGATTA
Arenh_rev203	TTGGAAGTGGGAGAGATTAT
Arenh_rev204	TGGAAGTGGGAGAGATTATG
Arenh_rev205	GGAAGTGGGAGAGATTATGG
Arenh_rev206	AGTGGGAGAGATTATGGGGG
Arenh_rev207	GTGGGAGAGATTATGGGGGA
Arenh_rev208	GGAGAGATTATGGGGGAGGG
Arenh_rev209	TGGGGGAGGGAGGCTATGTA
Arenh_rev210	GGAGGCTATGTAAGGAACCA
Arenh_rev211	ATGTAAGGAACCAAGGCCTA
Arenh_rev212	GAACCAAGGCCTAAGGAGCA
Arenh_rev213	AACCAAGGCCTAAGGAGCAT
Arenh_rev214	GGAGCATGGGCCATTGATTC
Arenh_rev215	GAGCATGGGCCATTGATTCT
Arenh_rev216	AGCATGGGCCATTGATTCTG
Arenh_rev217	CTAATAAGAGAAAATGTTAT
Arenh_rev218	AAATGTTATTGGAGCCAAAA
Arenh_rev219	AATGTTATTGGAGCCAAAAT
Arenh_rev220	ATGTTATTGGAGCCAAAATG
Arenh_rev221	GAGCCAAAATGGGGATATAC
Arenh_rev222	TCTTCTGATCATGTACATTA
Arenh_rev223	TGATCATGTACATTATGGAT
Arenh_rev224	GATCATGTACATTATGGATA
Arenh_rev225	CATTATGGATAGGGTGTAAA
Arenh_rev226	ATTATGGATAGGGTGTAAAA
Arenh_rev227	TTATGGATAGGGTGTAAAAG
Arenh_rev228	GGTGTAAAAGGGGCTGCTGA
Arenh_rev229	GTGTAAAAGGGGCTGCTGAA
Arenh_rev230	TAAAAGGGGCTGCTGAAGGG
Arenh_rev231	AAGGGAGGTAGCACTAACTG
Arenh_rev232	AGGGAGGTAGCACTAACTGA
Arenh_rev233	GGGAGGTAGCACTAACTGAG
Arenh_rev234	GATTTAAACAGTGATTAAAG
Arenh_rev235	TTAAAGTGGAGCTCATTCAA
Arenh_rev236	AGCTCATTCAAAGGTTGCTT
Arenh_rev237	TCATTCAAAGGTTGCTTTGG
Arenh_rev238	GGCAGAGACCCCCTCACCAT
Arenh_rev239	GCCTTCAGCTCAGTGATTAC
Arenh_rev240	TATTTGTCTTTCCTTATTGT
Arenh_rev241	TTATTTAGTCAAATGCTTTT
Arenh_rev242	TAGTCAAATGCTTTTTGGCC
Arenh_rev243	AATGCTTTTTGGCCTGGTTA
Arenh_rev244	AAATGTTCAATAAAAGATTT
Arenh_rev245	AATGCAAAAGCTAAAGCCTT
Arenh_rev246	GCAAAAGCTAAAGCCTTTGG
Arenh_rev247	AGCCTTTGGTGGCTGATAAA
Arenh_rev248	CTTTGGTGGCTGATAAACGG
Arenh_rev249	ATAAACGGAGGAAATCTGCA
Arenh_rev250	AACGGAGGAAATCTGCAAGG
Arenh_rev251	ACGGAGGAAATCTGCAAGGA
Arenh_rev252	CGGAGGAAATCTGCAAGGAG
Arenh_rev253	CTAGAGCTTTTTCATACCTC
Arenh_rev254	CAATCCCCCTGCCCATTGAC
Arenh_rev255	ACTAAGATTCAGAAAAGAAA
Arenh_rev256	CTAAGATTCAGAAAAGAAAT
Arenh_rev257	TAAGATTCAGAAAAGAAATG
Arenh_rev258	AAAGAAATGGGGTATGCCCA
Arenh_rev259	GGGTATGCCCAAGGTCACCT
Arenh_rev260	GCCCAAGGTCACCTAGGTAA
Arenh_rev261	TCACCTAGGTAATGGCAAGA
Arenh_rev262	CACCTAGGTAATGGCAAGAT
Arenh_rev263	GGCAAGATGGGACTGAAACC
Arenh_rev264	GCAAGATGGGACTGAAACCT
Arenh_rev265	CAAGATGGGACTGAAACCTG
Arenh_rev266	CATTATACTTCCTGTACCTC
Arenh_rev267	TCCTGTACCTCTGGTCTATT
Arenh_rev268	TCTGGTCTATTTGGAAACAC
Arenh_rev269	TGTCTAGTCACAGCAGTGCT
Arenh_rev270	TTCGTAAGTAAAACTAGCTA
Arenh_rev271	TAAAACTAGCTAAGGAAAAG
Arenh_rev272	ACTAGCTAAGGAAAAGTGGT
Arenh_rev273	CTAAGGAAAAGTGGTAGGAA
Arenh_rev274	AGTGGTAGGAATGGAGTTAA
Arenh_rev275	AGTTTTCCAATCTGTAAATT
Arenh_rev276	AATCTGTAAATTAGGCTCCC
Arenh_rev277	CCTGTATGACCCATGCTATC
Arenh_rev278	CCTAGCTTGCTAAAAAGCCC
Arenh_rev279	GTAAGATAGATCAACTTGTC
Arenh_rev280	AGATAGATCAACTTGTCAGG
Arenh_rev281	CAACTTGTCAGGTGGAGCCT
Arenh_rev282	AGGTGGAGCCTTGGACACCT
Arenh_rev283	GCCCCTTGAGCCGCCATGCT
Arenh_rev284	CTTGAGCCGCCATGCTTGGC
Arenh_rev285	CCGCCATGCTTGGCTGGCTT
Arenh_rev286	AGCACACACTTCTATCAAAG
Arenh_rev287	GCACACACTTCTATCAAAGT
Arenh_rev288	CAGCGAGTGCTCTCCCAACC
Arenh_rev289	ATTCATAGTTCTTAGACACC
Arenh_rev290	CATAGTTCTTAGACACCCGG
Arenh_rev291	ACATCTTTGCTCATAAATCC
Arenh_rev292	TATCAGTGCAGACTCAAAAA
Arenh_rev293	ATCAGTGCAGACTCAAAAAT
Arenh_rev294	TGTTAAATAAATACTTGTCT
Arenh_rev295	GTTAAATAAATACTTGTCTA
Arenh_rev296	TTGTCTAGGGAGATTATAGC
Arenh_rev297	TTGCTGAAAGCTTGCCTGTC
Arenh_rev298	TGCTGAAAGCTTGCCTGTCT
Arenh_rev299	GCTGAAAGCTTGCCTGTCTG
Arenh_rev300	CTGCCTGTTTTTTTCTCATC
Arenh_rev301	TGCCTGTTTTTTTCTCATCT
Arenh_rev302	TGTTTTTTTCTCATCTGGGT
Arenh_rev303	AATCCCTGAGAAAAGAAGAC
Arenh_rev304	TTCCCAATACAAAAGCTGAG
Arenh_rev305	GATACAGCTACCTGTTGTGA
Arenh_rev306	TGGAAAAAGAAAATCCTCAG
Arenh_rev307	CCTCAGTGGCACCAACACCT
Arenh_rev308	TGCTAGTAGTAGCATTCTTG
Arenh_rev309	TCCCAGCTGAGAATCTATAG
Arenh_rev310	CTCCTGTTGTAAAGTTACAC
Arenh_rev311	TCCTGTTGTAAAGTTACACT
Arenh_rev312	CAATTTCCTCTTCCATAAAT
Arenh_rev313	TCCATAAATAGGTACCGTAA
Arenh_rev314	CCATAAATAGGTACCGTAAT
Arenh_rev315	CATAAATAGGTACCGTAATG
Arenh_rev316	CGTAATGGGGTAAGCCTTGC
Arenh_rev317	AGCCTTGCAGGATTGTTGAG
Arenh_rev318	CAAATGAGATAATCTGTGTT
Arenh_rev319	TTAGGCATTAACTCAGTGCC
Arenh_rev320	AGACAACAAAACATTTGCCA
Arenh_rev321	GCACTGTGTTTAGAACAAGA
Arenh_rev322	GTGTTTAGAACAAGAAGGCC
Arenh_rev323	AGCAATCTTTACTCATTAGC
Arenh_rev324	GCAATCTTTACTCATTAGCT
Arenh_rev325	ATCTTTACTCATTAGCTGGG
Arenh_rev326	TCTTTACTCATTAGCTGGGT
Arenh_rev327	CCTTAACCTCTTTCAATCTC
Arenh_rev328	GGTTCCTCATCCATAAAATG
Arenh_rev329	ATATTGAGTTGTTGCAAAGA
Arenh_rev330	TGTGTGCCAAGCTATGAGCT
Arenh_rev331	GTGTGCCAAGCTATGAGCTT
Arenh_rev332	TGTGCCAAGCTATGAGCTTG
Arenh_rev333	GCCAAGCTATGAGCTTGGGG
Arenh_rev334	CCAAGCTATGAGCTTGGGGT
Arenh_rev335	CAAGCTATGAGCTTGGGGTG
Arenh_rev336	GAAATCAGTGAATAAGATTA
Arenh_rev337	CCTCTGCATTCAAGATCTCA
Arenh_rev338	TCTCTACAGAAATGTGTGCA
Arenh_rev339	AGATTATAATGCCTAGTTCA
Arenh_rev340	GATTATAATGCCTAGTTCAA
Arenh_rev341	ATTATAATGCCTAGTTCAAG
Arenh_rev342	TTATAATGCCTAGTTCAAGG
Arenh_rev343	TAATGCCTAGTTCAAGGGGG
Arenh_rev344	AATGCCTAGTTCAAGGGGGT
Arenh_rev345	ATGCCTAGTTCAAGGGGGTG
Arenh_rev346	TTCAAGGGGGTGGGGAAGCA
Arenh_rev347	AAGGGGGTGGGGAAGCATGG
Arenh_rev348	GAAGCATGGTGGAAGTAGTA
Arenh_rev349	ATGGTGGAAGTAGTAAGGAA
Arenh_rev350	AGTAGTAAGGAAAGGCCTTC
Arenh_rev351	AGTAAGGAAAGGCCTTCTGG
Arenh_rev352	AAGCCTGAGATAGCTTTAGA
Arenh_rev353	AGCCTGAGATAGCTTTAGAA
Arenh_rev354	GCCTGAGATAGCTTTAGAAG
Arenh_rev355	TTTTTGTGACTAAACATGAT
Arenh_rev356	TTTTGTGACTAAACATGATA
Arenh_rev357	CATGATAGGGAGAACATTCC
Arenh_rev358	AACATTCCAGGCCAAAGCTA
Arenh_rev359	ATACAATCACCTAGTATGAT
Arenh_rev360	TACAATCACCTAGTATGATT
Arenh_rev361	TTCTACTTATTCCATTCTTG
Arenh_rev362	AGGAATGCAATTTTAAAAGA
Arenh_rev363	AAGGCAGTGAGAAATGAAGC
Arenh_rev364	AGAAATGAAGCTGGAGAGAC
Arenh_rev365	GAAATGAAGCTGGAGAGACA
Arenh_rev366	AGATAGTAAGCAGAAGAGCC
Arenh_rev367	GATAGTAAGCAGAAGAGCCA
Arenh_rev368	AAGAGCCAGGGTACCTACCC
Arenh_rev369	GGGTACCTACCCAGGATGTC
Arenh_rev370	TCCAGAGTTGATACAAAGAT
Arenh_rev371	CTTTATTAAACCCCATACCT
Arenh_rev372	TCTGAAATTGCATATTTATG
Arenh_rev373	CAGAGTTCAGACTCTTTCAA
Arenh_rev374	ACTCTTTCAATGGTATCTAT
Arenh_rev375	TGGTATCTATTGGTACTTCC
Arenh_rev376	CTTCCTGGAATTCCAGAGTT
Arenh_rev377	TTCCTGGAATTCCAGAGTTT
Arenh_rev378	TTTGGGCTCTTCCTCAGCTT
Arenh_rev379	AAGATGACACACTTTCTGCT
Arenh_rev380	TTTCTGCTTGGCTTTCTGAG
Arenh_rev381	CACTCCATGAGTTGCATGAA
Arenh_rev382	TCCATGAGTTGCATGAATGG
Arenh_rev383	CCATGAGTTGCATGAATGGA
Arenh_rev384	AGGGCCATAGTTGTAGTAGC
Arenh_rev385	GCCATAGTTGTAGTAGCAGG
Arenh_rev386	CCATAGTTGTAGTAGCAGGT
Arenh_rev387	TTGTAGTAGCAGGTGGGTTC
Arenh_rev388	TGTAGTAGCAGGTGGGTTCT
Arenh_rev389	AGGTGGGTTCTGGGAGCTTC
Arenh_rev390	CTTTGCAGATGCCAACAGTA
Arenh_rev391	TTTGCAGATGCCAACAGTAA
Arenh_rev392	CAGTAAGGGAAAGCTACTCT
Arenh_rev393	TGGCATGCCTGTCTTACTTC
Arenh_rev394	GGTTATTTATCTGCCTAAGC
Arenh_rev395	GTAAGAATTTATATTTTTAT
Arenh_rev396	AACCTTTTTTTCTTCAAATA
Arenh_rev397	GACAGAAAGTTACTTGCCTA
Arenh_rev398	TCACTTAGCTAGCAAGTACC
Arenh_rev399	CACTGCACAATCTCACTGTA
Arenh_rev400	ACTGCACAATCTCACTGTAA
Arenh_rev401	AAATAATCACAAAAATTACC
Arenh_rev402	CACAAAAATTACCTGGATTG
Arenh_rev403	ACAAAAATTACCTGGATTGA
Arenh_rev404	CTGACCAAGACTTGAGATGA
Arenh_rev405	TGACCAAGACTTGAGATGAA
Arenh_rev406	AGACTTGAGATGAAGGGTGA
Arenh_rev407	GAGATGAAGGGTGATGGCAG
Arenh_rev408	GTGATGGCAGAGGTCTTTTA
Arenh_rev409	TATGGATTCCACAAAGCACT
Arenh_rev410	ATGGATTCCACAAAGCACTT
Arenh_rev411	TGGATTCCACAAAGCACTTG
Arenh_rev412	TTTTAGACAGTTTGTGTCCT
Arenh_rev413	TTTAGACAGTTTGTGTCCTC
Arenh_rev414	CTCGGGACCATCTGATTGTC
Arenh_rev415	GATGAAGACTTGAGTTTCTC
Arenh_rev416	ATGAAGACTTGAGTTTCTCT
Arenh_rev417	TGAAGACTTGAGTTTCTCTG
Arenh_rev418	AGACTTGAGTTTCTCTGGGG
Arenh_rev419	GACTTGAGTTTCTCTGGGGA
Arenh_rev420	TTTTATTTCTTGCTAGTTAT
Arenh_rev421	TCAGATCAAACTGCCCTCAC
Arenh_rev422	GATACTTTTGTTTCTTCCCC
Arenh_rev423	TTGTTTCTTCCCCTGGATTC
Arenh_rev424	ACCTAAACCCTTCCTGTGTC
Arenh_rev425	AACCCTTCCTGTGTCTGGAG
Arenh_rev426	ACCCTTCCTGTGTCTGGAGA
Arenh_rev427	AGACAGCAAAATAAGTCAAA
Arenh_rev428	TCAAAAGGCAAAGAATAAAC
Arenh_rev429	CAAAAGGCAAAGAATAAACT
EIF4A3_1	GTTGGCTGTGCAGATCCAGA
EIF4A3_2	GGAATTCGAGACCAGCGAGG
EIF4A3_3	GAGGACTGAGATACTGAAGG
EIF4A3_4	GCTCGTTGCTGGATTGCTGA
EIF4A3_5	ATGTTGTCGCGGGCACTCCA
EIF4A3_6	GCCCATGGTGTCGAACGTGG
EIF4A3_7	AGTGGAATTCGAGACCAGCG
EIF4A3_8	CTGCGGGAGGACCTGCTGCG
EIF4A3_9	CGAGGTCGCCATCGTGGCCG
EIF4A3_10	CCTGATGTCCTCGCCAACAT
SF3B3_1	TCTTAGCTGTGGATCCCAAA
SF3B3_2	CCATGTGTGTGCTTAAAACA
SF3B3_3	GGAGGGTCAGATGGTCCAAG
SF3B3_4	ATGTACCCCCTGGAGAGCAG
SF3B3_5	ACTGGCCAGGAACGATGCGA
SF3B3_6	GGACCACATGATTTAAACCA
SF3B3_7	TCCGCTGTCCAATTCCCAGG
SF3B3_8	CGAGACCGCTGCTCTCCAGG
SF3B3_9	TTTCTCTCACAGTTCCAGGA
SF3B3_10	AAGAAATTGTTGTTTCCCGT
RPL23_1	GCGTTCAAGATGTCGAAGCG
RPL23_2	ATTTCCTTGGGTCTTCCGGT
RPL23_3	CCCTTTATATCCACAGGACG
RPL23_4	TTATATCCACAGGACGTGGT
RPL23_5	ATCTCCGTGAAGGGGATCAA
RPL23_6	GCGAAATTCCGGATTTCCTT
RPL23_7	CATGTCACCCACACCAGCAG
RPL23_8	GTGATGGCCACAGTCAAGAA
RPL23_9	ATGTCACCCACACCAGCAGC
RPL23_10	CAATTGATTACAGCTCCTAC
AR_1	TGGTAATCTGAAACTACAGG
AR_2	GCAAGACCCTTTACCTTCAG
AR_3	GCACTATTGATAAATTCCGA
AR_4	GCTTGTACACGTGGTCAAGT
AR_5	TCTCACATGTGGAAGCTGCA
AR_6	GGTGGAAAGTAATAGTCAAT
AR_7	TCTGGGTTGTCTCCTCAGTG
AR_8	TGATACTCTGGCTTCACAGG
AR_9	GTCTCTCTCCCAGTTCATTG
AR_10	TTCCAGTTTGGAGACTGCCA
Nontarget_1	ACGGAGGCTAAGCGTCGCAA
Nontarget_2	CGCTTCCGCGGCCCGTTCAA
Nontarget_3	ATCGTTTCCGCTTAACGGCG
Nontarget_4	GTAGGCGCGCCGCTCTCTAC
Nontarget_5	CCATATCGGGGCGAGACATG
Nontarget_6	TACTAACGCCGCTCCTACAG
Nontarget_7	TGAGGATCATGTCGAGCGCC
Nontarget_8	GGGCCCGCATAGGATATCGC
Nontarget_9	TAGACAACCGCGGAGAATGC
Nontarget_10	ACGGGCGGCTATCGCTGACT
Nontarget_11	CGCGGAAATTTTACCGACGA
Nontarget_12	CTTACAATCGTCGGTCCAAT
Nontarget_13	GCGTGCGTCCCGGGTTACCC
Nontarget_14	CGGAGTAACAAGCGGACGGA
Nontarget_15	CGAGTGTTATACGCACCGTT
Nontarget_16	CGACTAACCGGAAACTTTTT
Nontarget_17	CAACGGGTTCTCCCGGCTAC
Nontarget_18	CAGGAGTCGCCGATACGCGT
Nontarget_19	TTCACGTCGTCTCGCGACCA
Nontarget_20	GTGTCGGATTCCGCCGCTTA
Nontarget_21	CACGAACTCACACCGCGCGA
Nontarget_22	CGCTAGTACGCTCCTCTATA
Nontarget_23	TCGCGCTTGGGTTATACGCT
Nontarget_24	CTATCTCGAGTGGTAATGCG
Nontarget_25	AATCGACTCGAACTTCGTGT
Nontarget_26	CCCGATGGACTATACCGAAC
Nontarget_27	ACGTTCGAGTACGACCAGCT
Nontarget_28	CGCGACGACTCAACCTAGTC
Nontarget_29	GGTCACCGATCGAGAGCTAG
Nontarget_30	CTCAACCGACCGTATGGTCA
Nontarget_31	CGTATTCGACTCTCAACGCG
Nontarget_32	CTAGCCGCCCAGATCGAGCC
Nontarget_33	GAATCGACCGACACTAATGT
Nontarget_34	ACTTCAGTTCGGCGTAGTCA
Nontarget_35	GTGCGATGTCGCTTCAACGT
Nontarget_36	CGCCTAATTTCCGGATCAAT
Nontarget_37	CGTGGCCGGAACCGTCATAG
Nontarget_38	ACCCTCCGAATCGTAACGGA
Nontarget_39	AAACGGTACGACAGCGTGTG
Nontarget_40	ACATAGTCGACGGCTCGATT
Nontarget_41	GATGGCGCTTCAGTCGTCGG
Nontarget_42	ATAATCCGGAAACGCTCGAC
Nontarget_43	CGCCGGGCTGACAATTAACG
Nontarget_44	CGTCGCCATATGCCGGTGGC
Nontarget_45	CGGGCCTATAACACCATCGA
Nontarget_46	CGCCGTTCCGAGATACTTGA
Nontarget_47	CGGGACGTCGCGAAAATGTA
Nontarget_48	TCGGCATACGGGACACACGC
Nontarget_49	AGCTCCATCGCCGCGATAAT
Nontarget_50	ATCGTATCATCAGCTAGCGC
Nontarget_51	TCGATCGAGGTTGCATTCGG
Nontarget_52	CTCGACAGTTCGTCCCGAGC
Nontarget_53	CGGTAGTATTAATCGCTGAC
Nontarget_54	TGAACGCGTGTTTCCTTGCA
Nontarget_55	CGACGCTAGGTAACGTAGAG
Nontarget_56	CATTGTTGAGCGGGCGCGCT
Nontarget_57	CCGCTATTGAAACCGCCCAC
Nontarget_58	AGACACGTCACCGGTCAAAA
Nontarget_59	TTTACGATCTAGCGGCGTAG
Nontarget_60	TTCGCACGATTGCACCTTGG
Nontarget_61	GGTTAGAGACTAGGCGCGCG
Nontarget_62	CCTCCGTGCTAACGCGGACG
Nontarget_63	TTATCGCGTAGTGCTGACGT
Nontarget_64	TACGCTTGCGTTTAGCGTCC
Nontarget_65	CGCGGCCCACGCGTCATCGC
Nontarget_66	AGCTCGCCATGTCGGTTCTC
Nontarget_67	AACTAGCCCGAGCAGCTTCG
Nontarget_68	CGCAAGGTGTCGGTAACCCT
Nontarget_69	CTTCGACGCCATCGTGCTCA
Nontarget_70	TCCTGGATACCGCGTGGTTA
Nontarget_71	ATAGCCGCCGCTCATTACTT
Nontarget_72	GTCGTCCGGGATTACAAAAT
Nontarget_73	TAATGCTGCACACGCCGAAT
Nontarget_74	TATCGCTTCCGATTAGTCCG
Nontarget_75	GTACCATACCGCGTACCCTT
Nontarget_76	TAAGATCCGCGGGTGGCAAC
Nontarget_77	GTAGACGTCGTGAGCTTCAC
Nontarget_78	TCGCGGACATAGGGCTCTAA
Nontarget_79	AGCGCAGATAGCGCGTATCA
Nontarget_80	GTTCGCTTCGTAACGAGGAA
Nontarget_81	GACCCCCGATAACTTTTGAC
Nontarget_82	ACGTCCATACTGTCGGCTAC
Nontarget_83	GTACCATTGCCGGCTCCCTA
Nontarget_84	TGGTTCCGTAGGTCGGTATA
Nontarget_85	TCTGGCTTGACACGACCGTT
Nontarget_86	CGCTAGGTCCGGTAAGTGCG
Nontarget_87	AGCACGTAATGTCCGTGGAT
Nontarget_88	AAGGCGCGCGAATGTGGCAG
Nontarget_89	ACTGCGGAGCGCCCAATATC
Nontarget_90	CGTCGAGTGCTCGAACTCCA
Nontarget_91	TCGCAGCGGCGTGGGATCGG
Nontarget_92	ATCTGTCCTAATTCGGATCG
Nontarget_93	TGCGGCGTAATGCTTGAAAG
Nontarget_94	CGAACTTAATCCCGTGGCAA
Nontarget_95	GCCGTGTTGCTGGATACGCC
Nontarget_96	TACCCTCCGGATACGGACTG
Nontarget_97	CCGTTGGACTATGGCGGGTC
Nontarget_98	GTACGGGGCGATCATCCACA
Nontarget_99	AAGAGTAGTAGACGCCCGGG
Nontarget_100	AAGAGCGAATCGATTTCGTG
