Seq1	ATCTTGTGGA
Vec	GTGGAAAGGA
SOX9_g1	ACTTCCGCGA
SOX9_g2	TCACCGACTT
SOX9_g3	CCATGTCCGA
SOX9_g4	CTCACCCGAG
SOX9_g5	AAGGCTGACC
SOX9_g6	GTCGGTCATC
PROM1_g1	GTAGTAAAAA
PROM1_g2	TGTGAACCTT
PROM1_g3	TCACCTGCTA
PROM1_g4	GTCGTTGCTG
PROM1_g5	CACGCCACAC
PROM1_g6	GTTGCTGTAA
KRT20_g1	ACTATGGGAG
KRT20_g2	AGAGGAATAC
KRT20_g3	TAGTCGCGAC
KRT20_g4	CAGCACCCCC
KRT20_g5	GGCAACACTG
KRT20_g6	TTCTCCTTCC
LRIG1_g1	ATGTGAAAAT
LRIG1_g2	GTGGTTGGTG
LRIG1_g3	CCTTTATAGG
LRIG1_g4	TCCTGCCAAT
LRIG1_g5	ATGGTGAAGA
LRIG1_g6	GGTAGCTTGG
CTRL0001_g1	TAGCGAACGT
CTRL0002_g2	ACCGGAACGA
CTRL0003_g3	GCAGTCGTTC
CTRL0004_g4	CTTGAGCACA
CTRL0005_g5	TGGTAGAATA
CTRL0006_g6	TCATACATGG
CTRL0007_g7	ATACACGAAG
CTRL0008_g8	AACGTTGGCA
CTRL0009_g9	ATCCATGTAA
CTRL0010_g10	TCGTGAAGTG
ROSA26_g1	GGCCTCAACT
ROSA26_g2	CGCCGGCCTC
ROSA26_g3	AATCCTAGGG
ROSA26_g4	AAAGGACGCG
ROSA26_g5	CTTCTAAAAA
ROSA26_g6	GCCGGGGGAA
ROSA26_g7	GTGAGAGTAG
ROSA26_g8	TTAGAAATGC
ROSA26_g9	TATCTTCACA
ROSA26_g10	TCAGCTTTCC
CCR5_g1	ATATAGACAG
CCR5_g2	AACAGGCCAA
CCR5_g3	ATCTCAGAAG
CCR5_g4	ACTCCCTGCA
CCR5_g5	GGCCGGGTGC
CCR5_g6	TAGGGCAACC
CCR5_g7	TAATAATTAA
CCR5_g8	CAAGCCAGTA
CCR5_g9	GACCATGACA
CCR5_g10	ATGTGAAGGG
AAVS1_g1	CTCCCTGGCC
AAVS1_g2	ATGTGCGCAC
AAVS1_g3	GCTGTAGTCA
AAVS1_g4	ATCGTTCACA
AAVS1_g5	GGCCGGAAAA
AAVS1_g6	CATGATGCAG
AAVS1_g7	CTGCACCCCA
AAVS1_g8	TGCGCAGGAC
AAVS1_g9	ACTTGCATCA
AAVS1_g10	TTTCCCTTGG
EGFP_g1	GGGCGAGGAG
EGFP_g2	GAGCTGGACG
EGFP_g3	GGCCACAAGT
EGFP_g4	GGAGCGCACC
EGFP_g5	GAAGTTCGAG
EGFP_g6	GGTGAACCGC
mKate2_g1	TACAACGTC
mKate2_g2	TCACCACAT
mKate2_g3	CACATGAAG
mKate2_g4	TGATGCAGA
mKate2_g5	CCTTCATCA
mKate2_g6	ACTTCAAGT
