Seq1	ATCTTGTGGAAAGGACGAAACACC
Vec	GTGGAAAGGACGAAACACCG
SOX9_g1	ACTTCCGCGACGTGGACAT
SOX9_g2	TCACCGACTTCCTCCGCCG
SOX9_g3	CCATGTCCGAGGACTCCGC
SOX9_g4	CTCACCCGAGTGCTCGCCG
SOX9_g5	AAGGCTGACCTGAAGCGAG
SOX9_g6	GTCGGTCATCTTCATGAAG
PROM1_g1	GTAGTAAAAAATCACGATG
PROM1_g2	TGTGAACCTTACACGAGCA
PROM1_g3	TCACCTGCTACGACAGTCG
PROM1_g4	GTCGTTGCTGTAACAAATG
PROM1_g5	CACGCCACACAGTAAGCCC
PROM1_g6	GTTGCTGTAACAAATGTGG
KRT20_g1	ACTATGGGAGCGATCTCAC
KRT20_g2	AGAGGAATACGTCTAACAG
KRT20_g3	TAGTCGCGACCAGCCCTCG
KRT20_g4	CAGCACCCCCATAAACGCT
KRT20_g5	GGCAACACTGTCAATGTGG
KRT20_g6	TTCTCCTTCCAGAAGGCGG
LRIG1_g1	ATGTGAAAATAGATGACGC
LRIG1_g2	GTGGTTGGTGATGACACAT
LRIG1_g3	CCTTTATAGGCGGTCCGTG
LRIG1_g4	TCCTGCCAATTAGCCACGG
LRIG1_g5	ATGGTGAAGATGCCTACCG
LRIG1_g6	GGTAGCTTGGAACATCTGG
CTRL0001_g1	TAGCGAACGTGTCCGGCGT
CTRL0002_g2	ACCGGAACGATCTCGCGTA
CTRL0003_g3	GCAGTCGTTCGGTTGATAT
CTRL0004_g4	CTTGAGCACATACGCGAAT
CTRL0005_g5	TGGTAGAATAACGTATTAC
CTRL0006_g6	TCATACATGGATAAGGCTA
CTRL0007_g7	ATACACGAAGCATCACTAG
CTRL0008_g8	AACGTTGGCACTACTTCAC
CTRL0009_g9	ATCCATGTAATGCGTTCGA
CTRL0010_g10	TCGTGAAGTGCATTCGATC
ROSA26_g1	GGCCTCAACTGCAAGAGGA
ROSA26_g2	CGCCGGCCTCAACTGCAAG
ROSA26_g3	AATCCTAGGGAGCGGGTAA
ROSA26_g4	AAAGGACGCGTTCCGCACA
ROSA26_g5	CTTCTAAAAAATGCAGCTG
ROSA26_g6	GCCGGGGGAAGTATTAGAG
ROSA26_g7	GTGAGAGTAGTACCTGGTT
ROSA26_g8	TTAGAAATGCTCAACTGGC
ROSA26_g9	TATCTTCACAAAGCTGCTG
ROSA26_g10	TCAGCTTTCCCCTAGAGAA
CCR5_g1	ATATAGACAGTATAAAAGT
CCR5_g2	AACAGGCCAAGCAGCTGAG
CCR5_g3	ATCTCAGAAGCTAACTAAC
CCR5_g4	ACTCCCTGCACCTTAGACT
CCR5_g5	GGCCGGGTGCCCAAGTCCC
CCR5_g6	TAGGGCAACCTTATGAGGC
CCR5_g7	TAATAATTAAGAGGCCTCG
CCR5_g8	CAAGCCAGTAATAATTAAG
CCR5_g9	GACCATGACAAGCAGCGGC
CCR5_g10	ATGTGAAGGGGAGATAAAA
AAVS1_g1	CTCCCTGGCCACTTTGCAC
AAVS1_g2	ATGTGCGCACCCTGGAGCC
AAVS1_g3	GCTGTAGTCAGGGACTGGG
AAVS1_g4	ATCGTTCACAATAGCCCAG
AAVS1_g5	GGCCGGAAAAGGCCATTTG
AAVS1_g6	CATGATGCAGAATTCCCCG
AAVS1_g7	CTGCACCCCAGCTCTAAGG
AAVS1_g8	TGCGCAGGACCTGGATCAC
AAVS1_g9	ACTTGCATCAGCTTCTCAG
AAVS1_g10	TTTCCCTTGGACCCCAGGG
EGFP_g1	GGGCGAGGAGCTGTTCACCG
EGFP_g2	GAGCTGGACGGCGACGTAAA
EGFP_g3	GGCCACAAGTTCAGCGTGTC
EGFP_g4	GGAGCGCACCATCTTCTTCA
EGFP_g5	GAAGTTCGAGGGCGACACCC
EGFP_g6	GGTGAACCGCATCGAGCTGA
mKate2_g1	CTACAACGTCAAGATCAGAG
mKate2_g2	GTCACCACATACGAAGACGG
mKate2_g3	GCACATGAAGCTGTACATGG
mKate2_g4	GTGATGCAGAAGAAAACACT
mKate2_g5	ACCTTCATCAACCACACCCA
mKate2_g6	CACTTCAAGTGCACATCCGA
